{
  "version": "VERSION 1.2",
  "result": [
    {
      "post_id": "post6374630222",
      "ranking_position": 1,
      "popularity_score": 100.11
    },
    {
      "post_id": "post6374632222",
      "ranking_position": 2,
      "popularity_score": 3.23
    },
    {
      "post_id": "post6374632",
      "ranking_position": 3,
      "popularity_score": 2.44
    },
    {
      "post_id": "post6374633",
      "ranking_position": 4,
      "popularity_score": 1.1345
    },
    {
      "post_id": "post3637373",
      "ranking_position": 5,
      "popularity_score": 0.1415
    }
  ],
  "external_data": {
    "used": "true",
    "details": "VGG-19 pre-trained on ImageNet training set"
  }
}