{
  "version": "VERSION 1.2",
  "result": [{
      "post_id":"post6374637",
      "popularity_score": 9.2505
    },{
      "post_id":"post3637373",
      "popularity_score": 5.1107
    },{
      "post_id":"post3637371",
      "popularity_score": 7.8741
    },{
      "post_id":"post3637372",
      "popularity_score": 1.703
    },{
      "post_id":"post3637375",
      "popularity_score": 3.9848
    },{
      "post_id":"post3637374",
      "popularity_score": 0.7851
    }],
  "external_data": {
    "used": "true",
    "details": "VGG-19 pre-trained on ImageNet training set"
  }
}