{
  "version": "VERSION 1.2",
  "result": [{
      "post_id":"post6374637",
      "popularity_score": 2.8802
    },{
      "post_id":"post3637373",
      "popularity_score": 4.3972
    },{
      "post_id":"post3637371",
      "popularity_score": 8.1077
    },{
      "post_id":"post3637372",
      "popularity_score": 3.3909
    },{
      "post_id":"post3637375",
      "popularity_score": 5.6809
    },{
      "post_id":"post3637374",
      "popularity_score": 7.469
    }],
  "external_data": {
    "used": "true",
    "details": "VGG-19 pre-trained on ImageNet training set"
  }
}