{
  "version": "VERSION 1.2",
  "result": [{
      "post_id":"post6374637",
      "popularity_score": 9.7509
    },{
      "post_id":"post3637373",
      "popularity_score": 8.9635
    },{
      "post_id":"post3637371",
      "popularity_score": 0.6235
    },{
      "post_id":"post3637372",
      "popularity_score": 0.588
    },{
      "post_id":"post3637375",
      "popularity_score": 6.8305
    },{
      "post_id":"post3637374",
      "popularity_score": 3.1962
    }],
  "external_data": {
    "used": "true",
    "details": "VGG-19 pre-trained on ImageNet training set"
  }
}