{
  "version": "VERSION 1.2",
  "result": [{
      "post_id":"post6374637",
      "popularity_score": 2.5548
    },{
      "post_id":"post3637373",
      "popularity_score": 2.1858
    },{
      "post_id":"post3637371",
      "popularity_score": 3.3706
    },{
      "post_id":"post3637372",
      "popularity_score": 6.8803
    },{
      "post_id":"post3637375",
      "popularity_score": 5.31
    },{
      "post_id":"post3637374",
      "popularity_score": 5.6056
    }],
  "external_data": {
    "used": "true",
    "details": "VGG-19 pre-trained on ImageNet training set"
  }
}