{
  "version": "VERSION 1.2",
  "result": [{
      "post_id":"post6374637",
      "popularity_score": 9.3517
    },{
      "post_id":"post3637373",
      "popularity_score": 6.7526
    },{
      "post_id":"post3637371",
      "popularity_score": 3.772
    },{
      "post_id":"post3637372",
      "popularity_score": 1.4011
    },{
      "post_id":"post3637375",
      "popularity_score": 7.6529
    },{
      "post_id":"post3637374",
      "popularity_score": 5.9798
    }],
  "external_data": {
    "used": "true",
    "details": "VGG-19 pre-trained on ImageNet training set"
  }
}