{
  "version": "VERSION 1.2",
  "result": [{
      "post_id":"post6374637",
      "popularity_score": 8.9881
    },{
      "post_id":"post3637373",
      "popularity_score": 1.9197
    },{
      "post_id":"post3637371",
      "popularity_score": 4.3888
    },{
      "post_id":"post3637372",
      "popularity_score": 6.458
    },{
      "post_id":"post3637375",
      "popularity_score": 6.9817
    },{
      "post_id":"post3637374",
      "popularity_score": 2.0682
    }],
  "external_data": {
    "used": "true",
    "details": "VGG-19 pre-trained on ImageNet training set"
  }
}