{
  "version": "VERSION 1.2",
  "result": [{
      "post_id":"post6374637",
      "popularity_score": 9.5678
    },{
      "post_id":"post3637373",
      "popularity_score": 2.3345
    },{
      "post_id":"post3637371",
      "popularity_score": 4.4218
    },{
      "post_id":"post3637372",
      "popularity_score": 0.0704
    },{
      "post_id":"post3637375",
      "popularity_score": 3.815
    },{
      "post_id":"post3637374",
      "popularity_score": 6.964
    }],
  "external_data": {
    "used": "true",
    "details": "VGG-19 pre-trained on ImageNet training set"
  }
}