{
  "version": "VERSION 1.2",
  "result": [{
      "post_id":"post6374637",
      "popularity_score": 2.956
    },{
      "post_id":"post3637373",
      "popularity_score": 4.8336
    },{
      "post_id":"post3637371",
      "popularity_score": 9.1686
    },{
      "post_id":"post3637372",
      "popularity_score": 4.2116
    },{
      "post_id":"post3637375",
      "popularity_score": 5.6226
    },{
      "post_id":"post3637374",
      "popularity_score": 6.1539
    }],
  "external_data": {
    "used": "true",
    "details": "VGG-19 pre-trained on ImageNet training set"
  }
}