{
  "version": "VERSION 1.2",
  "result": [{
      "post_id":"post6374637",
      "popularity_score": 5.1189
    },{
      "post_id":"post3637373",
      "popularity_score": 5.6873
    },{
      "post_id":"post3637371",
      "popularity_score": 7.3776
    },{
      "post_id":"post3637372",
      "popularity_score": 0.4373
    },{
      "post_id":"post3637375",
      "popularity_score": 7.9792
    },{
      "post_id":"post3637374",
      "popularity_score": 7.2456
    }],
  "external_data": {
    "used": "true",
    "details": "VGG-19 pre-trained on ImageNet training set"
  }
}