{
  "version": "VERSION 1.2",
  "result": [{
      "post_id":"post6374637",
      "popularity_score": 2.0174
    },{
      "post_id":"post3637373",
      "popularity_score": 3.2925
    },{
      "post_id":"post3637371",
      "popularity_score": 4.5207
    },{
      "post_id":"post3637372",
      "popularity_score": 7.5988
    },{
      "post_id":"post3637375",
      "popularity_score": 3.7081
    },{
      "post_id":"post3637374",
      "popularity_score": 1.7519
    }],
  "external_data": {
    "used": "true",
    "details": "VGG-19 pre-trained on ImageNet training set"
  }
}