{
  "version": "VERSION 1.2",
  "result": [{
      "post_id":"post6374637",
      "popularity_score": 2.1345
    },{
      "post_id":"post3637373",
      "popularity_score": 4.1415
    },{
      "post_id":"post3637371",
      "popularity_score": 2.1415
    },{
      "post_id":"post3637372",
      "popularity_score": 5.1415
    },{
      "post_id":"post3637375",
      "popularity_score": 10.1415
    },{
      "post_id":"post3637374",
      "popularity_score": 32.1415
    }],
  "external_data": {
    "used": "true",
    "details": "VGG-19 pre-trained on ImageNet training set"
  }
}